Frame,Total,Turismos,Motos,Buses,Camiones,Bicis,Densidad,LOS
0,3,3,0,0,0,0,168.96714494455128,F (Congestion)
1,1,1,0,0,0,0,56.32238164818376,F (Congestion)
2,0,0,0,0,0,0,0.0,A (Libre)
3,0,0,0,0,0,0,0.0,A (Libre)
4,1,1,0,0,0,0,56.32238164818376,F (Congestion)
5,0,0,0,0,0,0,0.0,A (Libre)
6,0,0,0,0,0,0,0.0,A (Libre)
7,0,0,0,0,0,0,0.0,A (Libre)
8,1,1,0,0,0,0,56.32238164818376,F (Congestion)
9,0,0,0,0,0,0,0.0,A (Libre)
10,0,0,0,0,0,0,0.0,A (Libre)
11,0,0,0,0,0,0,0.0,A (Libre)
12,0,0,0,0,0,0,0.0,A (Libre)
13,0,0,0,0,0,0,0.0,A (Libre)
14,0,0,0,0,0,0,0.0,A (Libre)
15,0,0,0,0,0,0,0.0,A (Libre)
16,0,0,0,0,0,0,0.0,A (Libre)
17,0,0,0,0,0,0,0.0,A (Libre)
18,0,0,0,0,0,0,0.0,A (Libre)
19,0,0,0,0,0,0,0.0,A (Libre)
20,0,0,0,0,0,0,0.0,A (Libre)
21,0,0,0,0,0,0,0.0,A (Libre)
22,0,0,0,0,0,0,0.0,A (Libre)
23,0,0,0,0,0,0,0.0,A (Libre)
24,0,0,0,0,0,0,0.0,A (Libre)
25,0,0,0,0,0,0,0.0,A (Libre)
26,0,0,0,0,0,0,0.0,A (Libre)
27,0,0,0,0,0,0,0.0,A (Libre)
28,0,0,0,0,0,0,0.0,A (Libre)
29,0,0,0,0,0,0,0.0,A (Libre)
30,0,0,0,0,0,0,0.0,A (Libre)
31,0,0,0,0,0,0,0.0,A (Libre)
32,0,0,0,0,0,0,0.0,A (Libre)
33,0,0,0,0,0,0,0.0,A (Libre)
34,0,0,0,0,0,0,0.0,A (Libre)
35,0,0,0,0,0,0,0.0,A (Libre)
36,0,0,0,0,0,0,0.0,A (Libre)
37,0,0,0,0,0,0,0.0,A (Libre)
38,0,0,0,0,0,0,0.0,A (Libre)
39,0,0,0,0,0,0,0.0,A (Libre)
40,0,0,0,0,0,0,0.0,A (Libre)
41,0,0,0,0,0,0,0.0,A (Libre)
42,0,0,0,0,0,0,0.0,A (Libre)
43,0,0,0,0,0,0,0.0,A (Libre)
44,0,0,0,0,0,0,0.0,A (Libre)
45,0,0,0,0,0,0,0.0,A (Libre)
46,0,0,0,0,0,0,0.0,A (Libre)
47,0,0,0,0,0,0,0.0,A (Libre)
48,0,0,0,0,0,0,0.0,A (Libre)
49,0,0,0,0,0,0,0.0,A (Libre)
50,0,0,0,0,0,0,0.0,A (Libre)
51,0,0,0,0,0,0,0.0,A (Libre)
52,0,0,0,0,0,0,0.0,A (Libre)
53,0,0,0,0,0,0,0.0,A (Libre)
54,0,0,0,0,0,0,0.0,A (Libre)
55,0,0,0,0,0,0,0.0,A (Libre)
56,0,0,0,0,0,0,0.0,A (Libre)
57,0,0,0,0,0,0,0.0,A (Libre)
58,0,0,0,0,0,0,0.0,A (Libre)
59,0,0,0,0,0,0,0.0,A (Libre)
60,0,0,0,0,0,0,0.0,A (Libre)
61,0,0,0,0,0,0,0.0,A (Libre)
62,0,0,0,0,0,0,0.0,A (Libre)
63,0,0,0,0,0,0,0.0,A (Libre)
64,0,0,0,0,0,0,0.0,A (Libre)
65,0,0,0,0,0,0,0.0,A (Libre)
66,0,0,0,0,0,0,0.0,A (Libre)
67,0,0,0,0,0,0,0.0,A (Libre)
68,0,0,0,0,0,0,0.0,A (Libre)
69,0,0,0,0,0,0,0.0,A (Libre)
70,0,0,0,0,0,0,0.0,A (Libre)
71,0,0,0,0,0,0,0.0,A (Libre)
72,0,0,0,0,0,0,0.0,A (Libre)
73,0,0,0,0,0,0,0.0,A (Libre)
74,0,0,0,0,0,0,0.0,A (Libre)
75,0,0,0,0,0,0,0.0,A (Libre)
76,0,0,0,0,0,0,0.0,A (Libre)
77,0,0,0,0,0,0,0.0,A (Libre)
78,0,0,0,0,0,0,0.0,A (Libre)
79,0,0,0,0,0,0,0.0,A (Libre)
80,0,0,0,0,0,0,0.0,A (Libre)
81,0,0,0,0,0,0,0.0,A (Libre)
82,0,0,0,0,0,0,0.0,A (Libre)
83,0,0,0,0,0,0,0.0,A (Libre)
84,0,0,0,0,0,0,0.0,A (Libre)
85,0,0,0,0,0,0,0.0,A (Libre)
86,0,0,0,0,0,0,0.0,A (Libre)
87,0,0,0,0,0,0,0.0,A (Libre)
88,0,0,0,0,0,0,0.0,A (Libre)
89,0,0,0,0,0,0,0.0,A (Libre)
90,0,0,0,0,0,0,0.0,A (Libre)
91,0,0,0,0,0,0,0.0,A (Libre)
92,0,0,0,0,0,0,0.0,A (Libre)
93,0,0,0,0,0,0,0.0,A (Libre)
94,0,0,0,0,0,0,0.0,A (Libre)
95,0,0,0,0,0,0,0.0,A (Libre)
96,0,0,0,0,0,0,0.0,A (Libre)
97,0,0,0,0,0,0,0.0,A (Libre)
98,0,0,0,0,0,0,0.0,A (Libre)
99,0,0,0,0,0,0,0.0,A (Libre)
100,0,0,0,0,0,0,0.0,A (Libre)
101,0,0,0,0,0,0,0.0,A (Libre)
102,0,0,0,0,0,0,0.0,A (Libre)
103,0,0,0,0,0,0,0.0,A (Libre)
104,0,0,0,0,0,0,0.0,A (Libre)
105,0,0,0,0,0,0,0.0,A (Libre)
106,0,0,0,0,0,0,0.0,A (Libre)
107,0,0,0,0,0,0,0.0,A (Libre)
108,0,0,0,0,0,0,0.0,A (Libre)
109,0,0,0,0,0,0,0.0,A (Libre)
110,0,0,0,0,0,0,0.0,A (Libre)
111,0,0,0,0,0,0,0.0,A (Libre)
112,0,0,0,0,0,0,0.0,A (Libre)
113,0,0,0,0,0,0,0.0,A (Libre)
114,0,0,0,0,0,0,0.0,A (Libre)
115,0,0,0,0,0,0,0.0,A (Libre)
116,0,0,0,0,0,0,0.0,A (Libre)
117,0,0,0,0,0,0,0.0,A (Libre)
118,0,0,0,0,0,0,0.0,A (Libre)
119,0,0,0,0,0,0,0.0,A (Libre)
120,0,0,0,0,0,0,0.0,A (Libre)
121,0,0,0,0,0,0,0.0,A (Libre)
122,0,0,0,0,0,0,0.0,A (Libre)
123,0,0,0,0,0,0,0.0,A (Libre)
124,0,0,0,0,0,0,0.0,A (Libre)
125,0,0,0,0,0,0,0.0,A (Libre)
126,0,0,0,0,0,0,0.0,A (Libre)
127,0,0,0,0,0,0,0.0,A (Libre)
128,0,0,0,0,0,0,0.0,A (Libre)
129,0,0,0,0,0,0,0.0,A (Libre)
130,0,0,0,0,0,0,0.0,A (Libre)
131,0,0,0,0,0,0,0.0,A (Libre)
132,0,0,0,0,0,0,0.0,A (Libre)
133,0,0,0,0,0,0,0.0,A (Libre)
134,0,0,0,0,0,0,0.0,A (Libre)
135,0,0,0,0,0,0,0.0,A (Libre)
136,0,0,0,0,0,0,0.0,A (Libre)
137,0,0,0,0,0,0,0.0,A (Libre)
138,0,0,0,0,0,0,0.0,A (Libre)
139,0,0,0,0,0,0,0.0,A (Libre)
140,0,0,0,0,0,0,0.0,A (Libre)
141,0,0,0,0,0,0,0.0,A (Libre)
142,0,0,0,0,0,0,0.0,A (Libre)
143,0,0,0,0,0,0,0.0,A (Libre)
144,0,0,0,0,0,0,0.0,A (Libre)
145,0,0,0,0,0,0,0.0,A (Libre)
146,0,0,0,0,0,0,0.0,A (Libre)
147,0,0,0,0,0,0,0.0,A (Libre)
148,0,0,0,0,0,0,0.0,A (Libre)
149,0,0,0,0,0,0,0.0,A (Libre)
150,0,0,0,0,0,0,0.0,A (Libre)
151,0,0,0,0,0,0,0.0,A (Libre)
152,0,0,0,0,0,0,0.0,A (Libre)
153,0,0,0,0,0,0,0.0,A (Libre)
154,0,0,0,0,0,0,0.0,A (Libre)
155,0,0,0,0,0,0,0.0,A (Libre)
156,0,0,0,0,0,0,0.0,A (Libre)
157,0,0,0,0,0,0,0.0,A (Libre)
158,0,0,0,0,0,0,0.0,A (Libre)
159,0,0,0,0,0,0,0.0,A (Libre)
160,0,0,0,0,0,0,0.0,A (Libre)
161,0,0,0,0,0,0,0.0,A (Libre)
162,0,0,0,0,0,0,0.0,A (Libre)
163,0,0,0,0,0,0,0.0,A (Libre)
164,0,0,0,0,0,0,0.0,A (Libre)
165,0,0,0,0,0,0,0.0,A (Libre)
166,0,0,0,0,0,0,0.0,A (Libre)
167,0,0,0,0,0,0,0.0,A (Libre)
168,0,0,0,0,0,0,0.0,A (Libre)
169,0,0,0,0,0,0,0.0,A (Libre)
170,0,0,0,0,0,0,0.0,A (Libre)
171,0,0,0,0,0,0,0.0,A (Libre)
172,0,0,0,0,0,0,0.0,A (Libre)
173,0,0,0,0,0,0,0.0,A (Libre)
174,0,0,0,0,0,0,0.0,A (Libre)
175,0,0,0,0,0,0,0.0,A (Libre)
176,0,0,0,0,0,0,0.0,A (Libre)
177,0,0,0,0,0,0,0.0,A (Libre)
178,0,0,0,0,0,0,0.0,A (Libre)
179,0,0,0,0,0,0,0.0,A (Libre)
180,0,0,0,0,0,0,0.0,A (Libre)
181,0,0,0,0,0,0,0.0,A (Libre)
182,0,0,0,0,0,0,0.0,A (Libre)
183,0,0,0,0,0,0,0.0,A (Libre)
184,0,0,0,0,0,0,0.0,A (Libre)
185,0,0,0,0,0,0,0.0,A (Libre)
186,0,0,0,0,0,0,0.0,A (Libre)
187,0,0,0,0,0,0,0.0,A (Libre)
188,0,0,0,0,0,0,0.0,A (Libre)
189,0,0,0,0,0,0,0.0,A (Libre)
190,0,0,0,0,0,0,0.0,A (Libre)
191,0,0,0,0,0,0,0.0,A (Libre)
192,0,0,0,0,0,0,0.0,A (Libre)
193,0,0,0,0,0,0,0.0,A (Libre)
194,0,0,0,0,0,0,0.0,A (Libre)
195,0,0,0,0,0,0,0.0,A (Libre)
196,0,0,0,0,0,0,0.0,A (Libre)
197,1,1,0,0,0,0,56.32238164818376,F (Congestion)
198,1,1,0,0,0,0,56.32238164818376,F (Congestion)
199,1,1,0,0,0,0,56.32238164818376,F (Congestion)
200,1,1,0,0,0,0,56.32238164818376,F (Congestion)
201,0,0,0,0,0,0,0.0,A (Libre)
202,0,0,0,0,0,0,0.0,A (Libre)
203,0,0,0,0,0,0,0.0,A (Libre)
204,0,0,0,0,0,0,0.0,A (Libre)
205,0,0,0,0,0,0,0.0,A (Libre)
206,0,0,0,0,0,0,0.0,A (Libre)
207,0,0,0,0,0,0,0.0,A (Libre)
208,1,1,0,0,0,0,56.32238164818376,F (Congestion)
209,0,0,0,0,0,0,0.0,A (Libre)
210,0,0,0,0,0,0,0.0,A (Libre)
211,0,0,0,0,0,0,0.0,A (Libre)
212,0,0,0,0,0,0,0.0,A (Libre)
213,0,0,0,0,0,0,0.0,A (Libre)
214,0,0,0,0,0,0,0.0,A (Libre)
215,0,0,0,0,0,0,0.0,A (Libre)
216,0,0,0,0,0,0,0.0,A (Libre)
217,0,0,0,0,0,0,0.0,A (Libre)
218,0,0,0,0,0,0,0.0,A (Libre)
219,0,0,0,0,0,0,0.0,A (Libre)
220,0,0,0,0,0,0,0.0,A (Libre)
221,0,0,0,0,0,0,0.0,A (Libre)
222,0,0,0,0,0,0,0.0,A (Libre)
223,0,0,0,0,0,0,0.0,A (Libre)
224,0,0,0,0,0,0,0.0,A (Libre)
225,0,0,0,0,0,0,0.0,A (Libre)
226,0,0,0,0,0,0,0.0,A (Libre)
227,0,0,0,0,0,0,0.0,A (Libre)
228,0,0,0,0,0,0,0.0,A (Libre)
229,0,0,0,0,0,0,0.0,A (Libre)
230,0,0,0,0,0,0,0.0,A (Libre)
231,0,0,0,0,0,0,0.0,A (Libre)
232,0,0,0,0,0,0,0.0,A (Libre)
233,0,0,0,0,0,0,0.0,A (Libre)
234,0,0,0,0,0,0,0.0,A (Libre)
235,0,0,0,0,0,0,0.0,A (Libre)
236,0,0,0,0,0,0,0.0,A (Libre)
237,0,0,0,0,0,0,0.0,A (Libre)
238,0,0,0,0,0,0,0.0,A (Libre)
239,0,0,0,0,0,0,0.0,A (Libre)
240,0,0,0,0,0,0,0.0,A (Libre)
241,0,0,0,0,0,0,0.0,A (Libre)
242,0,0,0,0,0,0,0.0,A (Libre)
243,0,0,0,0,0,0,0.0,A (Libre)
244,0,0,0,0,0,0,0.0,A (Libre)
245,0,0,0,0,0,0,0.0,A (Libre)
246,0,0,0,0,0,0,0.0,A (Libre)
247,0,0,0,0,0,0,0.0,A (Libre)
248,0,0,0,0,0,0,0.0,A (Libre)
249,0,0,0,0,0,0,0.0,A (Libre)
250,0,0,0,0,0,0,0.0,A (Libre)
251,0,0,0,0,0,0,0.0,A (Libre)
252,0,0,0,0,0,0,0.0,A (Libre)
253,0,0,0,0,0,0,0.0,A (Libre)
254,0,0,0,0,0,0,0.0,A (Libre)
255,0,0,0,0,0,0,0.0,A (Libre)
256,0,0,0,0,0,0,0.0,A (Libre)
257,0,0,0,0,0,0,0.0,A (Libre)
258,0,0,0,0,0,0,0.0,A (Libre)
259,0,0,0,0,0,0,0.0,A (Libre)
260,0,0,0,0,0,0,0.0,A (Libre)
261,0,0,0,0,0,0,0.0,A (Libre)
262,0,0,0,0,0,0,0.0,A (Libre)
263,0,0,0,0,0,0,0.0,A (Libre)
264,0,0,0,0,0,0,0.0,A (Libre)
265,0,0,0,0,0,0,0.0,A (Libre)
266,0,0,0,0,0,0,0.0,A (Libre)
267,0,0,0,0,0,0,0.0,A (Libre)
268,0,0,0,0,0,0,0.0,A (Libre)
269,0,0,0,0,0,0,0.0,A (Libre)
270,0,0,0,0,0,0,0.0,A (Libre)
271,0,0,0,0,0,0,0.0,A (Libre)
272,0,0,0,0,0,0,0.0,A (Libre)
273,0,0,0,0,0,0,0.0,A (Libre)
274,0,0,0,0,0,0,0.0,A (Libre)
275,0,0,0,0,0,0,0.0,A (Libre)
276,0,0,0,0,0,0,0.0,A (Libre)
277,0,0,0,0,0,0,0.0,A (Libre)
278,0,0,0,0,0,0,0.0,A (Libre)
279,0,0,0,0,0,0,0.0,A (Libre)
280,0,0,0,0,0,0,0.0,A (Libre)
281,0,0,0,0,0,0,0.0,A (Libre)
282,0,0,0,0,0,0,0.0,A (Libre)
283,0,0,0,0,0,0,0.0,A (Libre)
284,0,0,0,0,0,0,0.0,A (Libre)
285,0,0,0,0,0,0,0.0,A (Libre)
286,0,0,0,0,0,0,0.0,A (Libre)
287,0,0,0,0,0,0,0.0,A (Libre)
288,0,0,0,0,0,0,0.0,A (Libre)
289,0,0,0,0,0,0,0.0,A (Libre)
290,0,0,0,0,0,0,0.0,A (Libre)
291,0,0,0,0,0,0,0.0,A (Libre)
292,0,0,0,0,0,0,0.0,A (Libre)
293,0,0,0,0,0,0,0.0,A (Libre)
294,0,0,0,0,0,0,0.0,A (Libre)
295,0,0,0,0,0,0,0.0,A (Libre)
296,0,0,0,0,0,0,0.0,A (Libre)
297,0,0,0,0,0,0,0.0,A (Libre)
298,0,0,0,0,0,0,0.0,A (Libre)
299,0,0,0,0,0,0,0.0,A (Libre)
300,0,0,0,0,0,0,0.0,A (Libre)
301,0,0,0,0,0,0,0.0,A (Libre)
302,0,0,0,0,0,0,0.0,A (Libre)
303,0,0,0,0,0,0,0.0,A (Libre)
304,0,0,0,0,0,0,0.0,A (Libre)
305,0,0,0,0,0,0,0.0,A (Libre)
306,0,0,0,0,0,0,0.0,A (Libre)
307,0,0,0,0,0,0,0.0,A (Libre)
308,0,0,0,0,0,0,0.0,A (Libre)
309,0,0,0,0,0,0,0.0,A (Libre)
310,0,0,0,0,0,0,0.0,A (Libre)
311,0,0,0,0,0,0,0.0,A (Libre)
312,0,0,0,0,0,0,0.0,A (Libre)
313,0,0,0,0,0,0,0.0,A (Libre)
314,0,0,0,0,0,0,0.0,A (Libre)
315,0,0,0,0,0,0,0.0,A (Libre)
316,0,0,0,0,0,0,0.0,A (Libre)
317,0,0,0,0,0,0,0.0,A (Libre)
318,0,0,0,0,0,0,0.0,A (Libre)
319,0,0,0,0,0,0,0.0,A (Libre)
320,0,0,0,0,0,0,0.0,A (Libre)
321,0,0,0,0,0,0,0.0,A (Libre)
322,0,0,0,0,0,0,0.0,A (Libre)
323,0,0,0,0,0,0,0.0,A (Libre)
324,0,0,0,0,0,0,0.0,A (Libre)
325,0,0,0,0,0,0,0.0,A (Libre)
326,0,0,0,0,0,0,0.0,A (Libre)
327,0,0,0,0,0,0,0.0,A (Libre)
328,0,0,0,0,0,0,0.0,A (Libre)
329,0,0,0,0,0,0,0.0,A (Libre)
330,0,0,0,0,0,0,0.0,A (Libre)
331,0,0,0,0,0,0,0.0,A (Libre)
332,0,0,0,0,0,0,0.0,A (Libre)
333,0,0,0,0,0,0,0.0,A (Libre)
334,0,0,0,0,0,0,0.0,A (Libre)
335,0,0,0,0,0,0,0.0,A (Libre)
336,0,0,0,0,0,0,0.0,A (Libre)
337,0,0,0,0,0,0,0.0,A (Libre)
338,0,0,0,0,0,0,0.0,A (Libre)
339,0,0,0,0,0,0,0.0,A (Libre)
340,0,0,0,0,0,0,0.0,A (Libre)
341,0,0,0,0,0,0,0.0,A (Libre)
342,0,0,0,0,0,0,0.0,A (Libre)
343,0,0,0,0,0,0,0.0,A (Libre)
344,0,0,0,0,0,0,0.0,A (Libre)
345,0,0,0,0,0,0,0.0,A (Libre)
346,0,0,0,0,0,0,0.0,A (Libre)
347,0,0,0,0,0,0,0.0,A (Libre)
348,0,0,0,0,0,0,0.0,A (Libre)
349,0,0,0,0,0,0,0.0,A (Libre)
350,0,0,0,0,0,0,0.0,A (Libre)
351,0,0,0,0,0,0,0.0,A (Libre)
352,0,0,0,0,0,0,0.0,A (Libre)
353,0,0,0,0,0,0,0.0,A (Libre)
354,0,0,0,0,0,0,0.0,A (Libre)
355,0,0,0,0,0,0,0.0,A (Libre)
356,0,0,0,0,0,0,0.0,A (Libre)
357,0,0,0,0,0,0,0.0,A (Libre)
358,0,0,0,0,0,0,0.0,A (Libre)
359,0,0,0,0,0,0,0.0,A (Libre)
360,0,0,0,0,0,0,0.0,A (Libre)
361,0,0,0,0,0,0,0.0,A (Libre)
362,0,0,0,0,0,0,0.0,A (Libre)
363,0,0,0,0,0,0,0.0,A (Libre)
364,0,0,0,0,0,0,0.0,A (Libre)
365,0,0,0,0,0,0,0.0,A (Libre)
366,0,0,0,0,0,0,0.0,A (Libre)
367,0,0,0,0,0,0,0.0,A (Libre)
368,0,0,0,0,0,0,0.0,A (Libre)
369,0,0,0,0,0,0,0.0,A (Libre)
370,0,0,0,0,0,0,0.0,A (Libre)
371,0,0,0,0,0,0,0.0,A (Libre)
372,0,0,0,0,0,0,0.0,A (Libre)
373,0,0,0,0,0,0,0.0,A (Libre)
374,0,0,0,0,0,0,0.0,A (Libre)
375,0,0,0,0,0,0,0.0,A (Libre)
376,0,0,0,0,0,0,0.0,A (Libre)
377,0,0,0,0,0,0,0.0,A (Libre)
378,0,0,0,0,0,0,0.0,A (Libre)
379,0,0,0,0,0,0,0.0,A (Libre)
380,0,0,0,0,0,0,0.0,A (Libre)
381,0,0,0,0,0,0,0.0,A (Libre)
382,0,0,0,0,0,0,0.0,A (Libre)
383,0,0,0,0,0,0,0.0,A (Libre)
384,0,0,0,0,0,0,0.0,A (Libre)
385,0,0,0,0,0,0,0.0,A (Libre)
386,0,0,0,0,0,0,0.0,A (Libre)
387,0,0,0,0,0,0,0.0,A (Libre)
388,0,0,0,0,0,0,0.0,A (Libre)
389,0,0,0,0,0,0,0.0,A (Libre)
390,0,0,0,0,0,0,0.0,A (Libre)
391,0,0,0,0,0,0,0.0,A (Libre)
392,0,0,0,0,0,0,0.0,A (Libre)
393,0,0,0,0,0,0,0.0,A (Libre)
394,0,0,0,0,0,0,0.0,A (Libre)
395,0,0,0,0,0,0,0.0,A (Libre)
396,0,0,0,0,0,0,0.0,A (Libre)
397,0,0,0,0,0,0,0.0,A (Libre)
398,0,0,0,0,0,0,0.0,A (Libre)
399,0,0,0,0,0,0,0.0,A (Libre)
400,0,0,0,0,0,0,0.0,A (Libre)
401,0,0,0,0,0,0,0.0,A (Libre)
402,0,0,0,0,0,0,0.0,A (Libre)
403,0,0,0,0,0,0,0.0,A (Libre)
404,0,0,0,0,0,0,0.0,A (Libre)
405,0,0,0,0,0,0,0.0,A (Libre)
406,0,0,0,0,0,0,0.0,A (Libre)
407,0,0,0,0,0,0,0.0,A (Libre)
408,0,0,0,0,0,0,0.0,A (Libre)
409,0,0,0,0,0,0,0.0,A (Libre)
410,0,0,0,0,0,0,0.0,A (Libre)
411,0,0,0,0,0,0,0.0,A (Libre)
412,0,0,0,0,0,0,0.0,A (Libre)
413,0,0,0,0,0,0,0.0,A (Libre)
414,0,0,0,0,0,0,0.0,A (Libre)
415,0,0,0,0,0,0,0.0,A (Libre)
416,0,0,0,0,0,0,0.0,A (Libre)
417,0,0,0,0,0,0,0.0,A (Libre)
418,0,0,0,0,0,0,0.0,A (Libre)
419,0,0,0,0,0,0,0.0,A (Libre)
420,0,0,0,0,0,0,0.0,A (Libre)
421,0,0,0,0,0,0,0.0,A (Libre)
422,0,0,0,0,0,0,0.0,A (Libre)
423,0,0,0,0,0,0,0.0,A (Libre)
424,0,0,0,0,0,0,0.0,A (Libre)
425,0,0,0,0,0,0,0.0,A (Libre)
426,0,0,0,0,0,0,0.0,A (Libre)
427,0,0,0,0,0,0,0.0,A (Libre)
428,0,0,0,0,0,0,0.0,A (Libre)
429,0,0,0,0,0,0,0.0,A (Libre)
430,0,0,0,0,0,0,0.0,A (Libre)
431,0,0,0,0,0,0,0.0,A (Libre)
432,0,0,0,0,0,0,0.0,A (Libre)
433,0,0,0,0,0,0,0.0,A (Libre)
434,0,0,0,0,0,0,0.0,A (Libre)
435,0,0,0,0,0,0,0.0,A (Libre)
436,0,0,0,0,0,0,0.0,A (Libre)
437,0,0,0,0,0,0,0.0,A (Libre)
438,0,0,0,0,0,0,0.0,A (Libre)
439,0,0,0,0,0,0,0.0,A (Libre)
440,0,0,0,0,0,0,0.0,A (Libre)
441,0,0,0,0,0,0,0.0,A (Libre)
442,0,0,0,0,0,0,0.0,A (Libre)
443,0,0,0,0,0,0,0.0,A (Libre)
444,0,0,0,0,0,0,0.0,A (Libre)
445,0,0,0,0,0,0,0.0,A (Libre)
446,0,0,0,0,0,0,0.0,A (Libre)
447,0,0,0,0,0,0,0.0,A (Libre)
448,0,0,0,0,0,0,0.0,A (Libre)
449,0,0,0,0,0,0,0.0,A (Libre)
450,0,0,0,0,0,0,0.0,A (Libre)
451,0,0,0,0,0,0,0.0,A (Libre)
452,0,0,0,0,0,0,0.0,A (Libre)
453,0,0,0,0,0,0,0.0,A (Libre)
454,0,0,0,0,0,0,0.0,A (Libre)
455,0,0,0,0,0,0,0.0,A (Libre)
456,0,0,0,0,0,0,0.0,A (Libre)
457,0,0,0,0,0,0,0.0,A (Libre)
458,0,0,0,0,0,0,0.0,A (Libre)
459,0,0,0,0,0,0,0.0,A (Libre)
460,0,0,0,0,0,0,0.0,A (Libre)
461,0,0,0,0,0,0,0.0,A (Libre)
462,0,0,0,0,0,0,0.0,A (Libre)
463,0,0,0,0,0,0,0.0,A (Libre)
464,0,0,0,0,0,0,0.0,A (Libre)
465,0,0,0,0,0,0,0.0,A (Libre)
466,0,0,0,0,0,0,0.0,A (Libre)
467,0,0,0,0,0,0,0.0,A (Libre)
468,0,0,0,0,0,0,0.0,A (Libre)
469,0,0,0,0,0,0,0.0,A (Libre)
470,0,0,0,0,0,0,0.0,A (Libre)
471,0,0,0,0,0,0,0.0,A (Libre)
472,0,0,0,0,0,0,0.0,A (Libre)
473,0,0,0,0,0,0,0.0,A (Libre)
474,0,0,0,0,0,0,0.0,A (Libre)
475,0,0,0,0,0,0,0.0,A (Libre)
476,0,0,0,0,0,0,0.0,A (Libre)
477,0,0,0,0,0,0,0.0,A (Libre)
478,0,0,0,0,0,0,0.0,A (Libre)
479,0,0,0,0,0,0,0.0,A (Libre)
480,0,0,0,0,0,0,0.0,A (Libre)
481,0,0,0,0,0,0,0.0,A (Libre)
482,0,0,0,0,0,0,0.0,A (Libre)
483,0,0,0,0,0,0,0.0,A (Libre)
484,0,0,0,0,0,0,0.0,A (Libre)
485,0,0,0,0,0,0,0.0,A (Libre)
486,0,0,0,0,0,0,0.0,A (Libre)
487,0,0,0,0,0,0,0.0,A (Libre)
488,0,0,0,0,0,0,0.0,A (Libre)
489,0,0,0,0,0,0,0.0,A (Libre)
490,0,0,0,0,0,0,0.0,A (Libre)
491,0,0,0,0,0,0,0.0,A (Libre)
492,0,0,0,0,0,0,0.0,A (Libre)
493,0,0,0,0,0,0,0.0,A (Libre)
494,0,0,0,0,0,0,0.0,A (Libre)
495,0,0,0,0,0,0,0.0,A (Libre)
496,0,0,0,0,0,0,0.0,A (Libre)
497,0,0,0,0,0,0,0.0,A (Libre)
498,0,0,0,0,0,0,0.0,A (Libre)
499,0,0,0,0,0,0,0.0,A (Libre)
500,0,0,0,0,0,0,0.0,A (Libre)
501,0,0,0,0,0,0,0.0,A (Libre)
502,0,0,0,0,0,0,0.0,A (Libre)
503,0,0,0,0,0,0,0.0,A (Libre)
504,0,0,0,0,0,0,0.0,A (Libre)
505,0,0,0,0,0,0,0.0,A (Libre)
506,0,0,0,0,0,0,0.0,A (Libre)
507,0,0,0,0,0,0,0.0,A (Libre)
508,0,0,0,0,0,0,0.0,A (Libre)
509,0,0,0,0,0,0,0.0,A (Libre)
510,0,0,0,0,0,0,0.0,A (Libre)
511,0,0,0,0,0,0,0.0,A (Libre)
512,0,0,0,0,0,0,0.0,A (Libre)
513,0,0,0,0,0,0,0.0,A (Libre)
514,0,0,0,0,0,0,0.0,A (Libre)
515,0,0,0,0,0,0,0.0,A (Libre)
516,0,0,0,0,0,0,0.0,A (Libre)
517,0,0,0,0,0,0,0.0,A (Libre)
518,0,0,0,0,0,0,0.0,A (Libre)
519,0,0,0,0,0,0,0.0,A (Libre)
520,0,0,0,0,0,0,0.0,A (Libre)
521,0,0,0,0,0,0,0.0,A (Libre)
522,0,0,0,0,0,0,0.0,A (Libre)
523,0,0,0,0,0,0,0.0,A (Libre)
524,0,0,0,0,0,0,0.0,A (Libre)
525,0,0,0,0,0,0,0.0,A (Libre)
526,0,0,0,0,0,0,0.0,A (Libre)
527,0,0,0,0,0,0,0.0,A (Libre)
528,0,0,0,0,0,0,0.0,A (Libre)
529,0,0,0,0,0,0,0.0,A (Libre)
530,0,0,0,0,0,0,0.0,A (Libre)
531,0,0,0,0,0,0,0.0,A (Libre)
532,0,0,0,0,0,0,0.0,A (Libre)
533,0,0,0,0,0,0,0.0,A (Libre)
534,0,0,0,0,0,0,0.0,A (Libre)
535,0,0,0,0,0,0,0.0,A (Libre)
536,0,0,0,0,0,0,0.0,A (Libre)
537,0,0,0,0,0,0,0.0,A (Libre)
538,0,0,0,0,0,0,0.0,A (Libre)
539,0,0,0,0,0,0,0.0,A (Libre)
540,0,0,0,0,0,0,0.0,A (Libre)
541,0,0,0,0,0,0,0.0,A (Libre)
542,0,0,0,0,0,0,0.0,A (Libre)
543,0,0,0,0,0,0,0.0,A (Libre)
544,0,0,0,0,0,0,0.0,A (Libre)
545,0,0,0,0,0,0,0.0,A (Libre)
546,0,0,0,0,0,0,0.0,A (Libre)
547,0,0,0,0,0,0,0.0,A (Libre)
548,0,0,0,0,0,0,0.0,A (Libre)
549,0,0,0,0,0,0,0.0,A (Libre)
550,0,0,0,0,0,0,0.0,A (Libre)
551,0,0,0,0,0,0,0.0,A (Libre)
552,0,0,0,0,0,0,0.0,A (Libre)
553,0,0,0,0,0,0,0.0,A (Libre)
554,0,0,0,0,0,0,0.0,A (Libre)
555,0,0,0,0,0,0,0.0,A (Libre)
556,0,0,0,0,0,0,0.0,A (Libre)
557,0,0,0,0,0,0,0.0,A (Libre)
558,0,0,0,0,0,0,0.0,A (Libre)
559,0,0,0,0,0,0,0.0,A (Libre)
560,0,0,0,0,0,0,0.0,A (Libre)
561,0,0,0,0,0,0,0.0,A (Libre)
562,0,0,0,0,0,0,0.0,A (Libre)
563,0,0,0,0,0,0,0.0,A (Libre)
564,0,0,0,0,0,0,0.0,A (Libre)
565,0,0,0,0,0,0,0.0,A (Libre)
566,0,0,0,0,0,0,0.0,A (Libre)
567,0,0,0,0,0,0,0.0,A (Libre)
568,0,0,0,0,0,0,0.0,A (Libre)
569,0,0,0,0,0,0,0.0,A (Libre)
570,0,0,0,0,0,0,0.0,A (Libre)
571,0,0,0,0,0,0,0.0,A (Libre)
572,0,0,0,0,0,0,0.0,A (Libre)
573,0,0,0,0,0,0,0.0,A (Libre)
574,0,0,0,0,0,0,0.0,A (Libre)
575,0,0,0,0,0,0,0.0,A (Libre)
576,0,0,0,0,0,0,0.0,A (Libre)
577,0,0,0,0,0,0,0.0,A (Libre)
578,0,0,0,0,0,0,0.0,A (Libre)
579,0,0,0,0,0,0,0.0,A (Libre)
580,0,0,0,0,0,0,0.0,A (Libre)
581,0,0,0,0,0,0,0.0,A (Libre)
582,0,0,0,0,0,0,0.0,A (Libre)
583,0,0,0,0,0,0,0.0,A (Libre)
584,0,0,0,0,0,0,0.0,A (Libre)
585,0,0,0,0,0,0,0.0,A (Libre)
586,0,0,0,0,0,0,0.0,A (Libre)
587,0,0,0,0,0,0,0.0,A (Libre)
588,0,0,0,0,0,0,0.0,A (Libre)
589,0,0,0,0,0,0,0.0,A (Libre)
590,0,0,0,0,0,0,0.0,A (Libre)
591,1,1,0,0,0,0,56.32238164818376,F (Congestion)
592,0,0,0,0,0,0,0.0,A (Libre)
593,1,1,0,0,0,0,56.32238164818376,F (Congestion)
594,0,0,0,0,0,0,0.0,A (Libre)
595,1,1,0,0,0,0,56.32238164818376,F (Congestion)
596,0,0,0,0,0,0,0.0,A (Libre)
597,0,0,0,0,0,0,0.0,A (Libre)
598,0,0,0,0,0,0,0.0,A (Libre)
599,0,0,0,0,0,0,0.0,A (Libre)
600,0,0,0,0,0,0,0.0,A (Libre)
601,0,0,0,0,0,0,0.0,A (Libre)
602,0,0,0,0,0,0,0.0,A (Libre)
603,0,0,0,0,0,0,0.0,A (Libre)
604,1,1,0,0,0,0,56.32238164818376,F (Congestion)
605,1,1,0,0,0,0,56.32238164818376,F (Congestion)
606,0,0,0,0,0,0,0.0,A (Libre)
607,0,0,0,0,0,0,0.0,A (Libre)
608,0,0,0,0,0,0,0.0,A (Libre)
609,0,0,0,0,0,0,0.0,A (Libre)
610,0,0,0,0,0,0,0.0,A (Libre)
611,0,0,0,0,0,0,0.0,A (Libre)
612,0,0,0,0,0,0,0.0,A (Libre)
613,0,0,0,0,0,0,0.0,A (Libre)
614,0,0,0,0,0,0,0.0,A (Libre)
615,0,0,0,0,0,0,0.0,A (Libre)
616,0,0,0,0,0,0,0.0,A (Libre)
617,0,0,0,0,0,0,0.0,A (Libre)
618,0,0,0,0,0,0,0.0,A (Libre)
619,1,1,0,0,0,0,56.32238164818376,F (Congestion)
620,1,1,0,0,0,0,56.32238164818376,F (Congestion)
621,1,1,0,0,0,0,56.32238164818376,F (Congestion)
622,1,1,0,0,0,0,56.32238164818376,F (Congestion)
623,0,0,0,0,0,0,0.0,A (Libre)
624,1,1,0,0,0,0,56.32238164818376,F (Congestion)
625,1,1,0,0,0,0,56.32238164818376,F (Congestion)
626,1,1,0,0,0,0,56.32238164818376,F (Congestion)
627,1,1,0,0,0,0,56.32238164818376,F (Congestion)
628,1,1,0,0,0,0,56.32238164818376,F (Congestion)
629,1,1,0,0,0,0,56.32238164818376,F (Congestion)
630,0,0,0,0,0,0,0.0,A (Libre)
631,1,1,0,0,0,0,56.32238164818376,F (Congestion)
632,0,0,0,0,0,0,0.0,A (Libre)
633,0,0,0,0,0,0,0.0,A (Libre)
634,0,0,0,0,0,0,0.0,A (Libre)
635,0,0,0,0,0,0,0.0,A (Libre)
636,0,0,0,0,0,0,0.0,A (Libre)
637,0,0,0,0,0,0,0.0,A (Libre)
638,0,0,0,0,0,0,0.0,A (Libre)
639,0,0,0,0,0,0,0.0,A (Libre)
640,0,0,0,0,0,0,0.0,A (Libre)
641,0,0,0,0,0,0,0.0,A (Libre)
642,0,0,0,0,0,0,0.0,A (Libre)
643,0,0,0,0,0,0,0.0,A (Libre)
644,0,0,0,0,0,0,0.0,A (Libre)
645,0,0,0,0,0,0,0.0,A (Libre)
646,0,0,0,0,0,0,0.0,A (Libre)
647,0,0,0,0,0,0,0.0,A (Libre)
648,0,0,0,0,0,0,0.0,A (Libre)
649,0,0,0,0,0,0,0.0,A (Libre)
650,0,0,0,0,0,0,0.0,A (Libre)
651,0,0,0,0,0,0,0.0,A (Libre)
652,0,0,0,0,0,0,0.0,A (Libre)
653,0,0,0,0,0,0,0.0,A (Libre)
654,0,0,0,0,0,0,0.0,A (Libre)
655,0,0,0,0,0,0,0.0,A (Libre)
656,0,0,0,0,0,0,0.0,A (Libre)
657,0,0,0,0,0,0,0.0,A (Libre)
658,0,0,0,0,0,0,0.0,A (Libre)
659,0,0,0,0,0,0,0.0,A (Libre)
660,0,0,0,0,0,0,0.0,A (Libre)
661,0,0,0,0,0,0,0.0,A (Libre)
662,0,0,0,0,0,0,0.0,A (Libre)
663,0,0,0,0,0,0,0.0,A (Libre)
664,0,0,0,0,0,0,0.0,A (Libre)
665,0,0,0,0,0,0,0.0,A (Libre)
666,0,0,0,0,0,0,0.0,A (Libre)
667,0,0,0,0,0,0,0.0,A (Libre)
668,0,0,0,0,0,0,0.0,A (Libre)
669,0,0,0,0,0,0,0.0,A (Libre)
670,0,0,0,0,0,0,0.0,A (Libre)
671,0,0,0,0,0,0,0.0,A (Libre)
672,0,0,0,0,0,0,0.0,A (Libre)
673,0,0,0,0,0,0,0.0,A (Libre)
674,0,0,0,0,0,0,0.0,A (Libre)
675,0,0,0,0,0,0,0.0,A (Libre)
676,0,0,0,0,0,0,0.0,A (Libre)
677,0,0,0,0,0,0,0.0,A (Libre)
678,0,0,0,0,0,0,0.0,A (Libre)
679,0,0,0,0,0,0,0.0,A (Libre)
680,0,0,0,0,0,0,0.0,A (Libre)
681,0,0,0,0,0,0,0.0,A (Libre)
682,0,0,0,0,0,0,0.0,A (Libre)
683,0,0,0,0,0,0,0.0,A (Libre)
684,0,0,0,0,0,0,0.0,A (Libre)
685,0,0,0,0,0,0,0.0,A (Libre)
686,0,0,0,0,0,0,0.0,A (Libre)
687,0,0,0,0,0,0,0.0,A (Libre)
688,0,0,0,0,0,0,0.0,A (Libre)
689,0,0,0,0,0,0,0.0,A (Libre)
690,0,0,0,0,0,0,0.0,A (Libre)
691,0,0,0,0,0,0,0.0,A (Libre)
692,0,0,0,0,0,0,0.0,A (Libre)
693,0,0,0,0,0,0,0.0,A (Libre)
694,0,0,0,0,0,0,0.0,A (Libre)
695,0,0,0,0,0,0,0.0,A (Libre)
696,0,0,0,0,0,0,0.0,A (Libre)
697,0,0,0,0,0,0,0.0,A (Libre)
698,0,0,0,0,0,0,0.0,A (Libre)
699,0,0,0,0,0,0,0.0,A (Libre)
700,0,0,0,0,0,0,0.0,A (Libre)
701,0,0,0,0,0,0,0.0,A (Libre)
702,0,0,0,0,0,0,0.0,A (Libre)
703,0,0,0,0,0,0,0.0,A (Libre)
704,0,0,0,0,0,0,0.0,A (Libre)
705,0,0,0,0,0,0,0.0,A (Libre)
706,0,0,0,0,0,0,0.0,A (Libre)
707,0,0,0,0,0,0,0.0,A (Libre)
708,0,0,0,0,0,0,0.0,A (Libre)
709,0,0,0,0,0,0,0.0,A (Libre)
710,0,0,0,0,0,0,0.0,A (Libre)
711,0,0,0,0,0,0,0.0,A (Libre)
712,0,0,0,0,0,0,0.0,A (Libre)
713,0,0,0,0,0,0,0.0,A (Libre)
714,0,0,0,0,0,0,0.0,A (Libre)
715,0,0,0,0,0,0,0.0,A (Libre)
716,0,0,0,0,0,0,0.0,A (Libre)
717,0,0,0,0,0,0,0.0,A (Libre)
718,0,0,0,0,0,0,0.0,A (Libre)
719,0,0,0,0,0,0,0.0,A (Libre)
720,0,0,0,0,0,0,0.0,A (Libre)
721,0,0,0,0,0,0,0.0,A (Libre)
722,0,0,0,0,0,0,0.0,A (Libre)
723,0,0,0,0,0,0,0.0,A (Libre)
724,0,0,0,0,0,0,0.0,A (Libre)
725,0,0,0,0,0,0,0.0,A (Libre)
726,0,0,0,0,0,0,0.0,A (Libre)
727,0,0,0,0,0,0,0.0,A (Libre)
728,0,0,0,0,0,0,0.0,A (Libre)
729,0,0,0,0,0,0,0.0,A (Libre)
730,0,0,0,0,0,0,0.0,A (Libre)
731,0,0,0,0,0,0,0.0,A (Libre)
732,0,0,0,0,0,0,0.0,A (Libre)
733,0,0,0,0,0,0,0.0,A (Libre)
734,0,0,0,0,0,0,0.0,A (Libre)
735,0,0,0,0,0,0,0.0,A (Libre)
736,0,0,0,0,0,0,0.0,A (Libre)
737,0,0,0,0,0,0,0.0,A (Libre)
738,0,0,0,0,0,0,0.0,A (Libre)
739,0,0,0,0,0,0,0.0,A (Libre)
740,0,0,0,0,0,0,0.0,A (Libre)
741,0,0,0,0,0,0,0.0,A (Libre)
742,0,0,0,0,0,0,0.0,A (Libre)
743,0,0,0,0,0,0,0.0,A (Libre)
744,0,0,0,0,0,0,0.0,A (Libre)
745,0,0,0,0,0,0,0.0,A (Libre)
746,0,0,0,0,0,0,0.0,A (Libre)
747,0,0,0,0,0,0,0.0,A (Libre)
748,0,0,0,0,0,0,0.0,A (Libre)
749,0,0,0,0,0,0,0.0,A (Libre)
750,0,0,0,0,0,0,0.0,A (Libre)
751,0,0,0,0,0,0,0.0,A (Libre)
752,0,0,0,0,0,0,0.0,A (Libre)
753,0,0,0,0,0,0,0.0,A (Libre)
754,1,1,0,0,0,0,56.32238164818376,F (Congestion)
755,0,0,0,0,0,0,0.0,A (Libre)
756,0,0,0,0,0,0,0.0,A (Libre)
757,0,0,0,0,0,0,0.0,A (Libre)
758,0,0,0,0,0,0,0.0,A (Libre)
759,0,0,0,0,0,0,0.0,A (Libre)
760,0,0,0,0,0,0,0.0,A (Libre)
761,0,0,0,0,0,0,0.0,A (Libre)
762,0,0,0,0,0,0,0.0,A (Libre)
763,0,0,0,0,0,0,0.0,A (Libre)
764,0,0,0,0,0,0,0.0,A (Libre)
765,0,0,0,0,0,0,0.0,A (Libre)
766,0,0,0,0,0,0,0.0,A (Libre)
767,0,0,0,0,0,0,0.0,A (Libre)
768,0,0,0,0,0,0,0.0,A (Libre)
769,0,0,0,0,0,0,0.0,A (Libre)
770,0,0,0,0,0,0,0.0,A (Libre)
771,0,0,0,0,0,0,0.0,A (Libre)
772,0,0,0,0,0,0,0.0,A (Libre)
773,0,0,0,0,0,0,0.0,A (Libre)
774,0,0,0,0,0,0,0.0,A (Libre)
775,0,0,0,0,0,0,0.0,A (Libre)
776,0,0,0,0,0,0,0.0,A (Libre)
777,0,0,0,0,0,0,0.0,A (Libre)
778,0,0,0,0,0,0,0.0,A (Libre)
779,0,0,0,0,0,0,0.0,A (Libre)
780,0,0,0,0,0,0,0.0,A (Libre)
781,0,0,0,0,0,0,0.0,A (Libre)
782,0,0,0,0,0,0,0.0,A (Libre)
783,0,0,0,0,0,0,0.0,A (Libre)
784,0,0,0,0,0,0,0.0,A (Libre)
785,0,0,0,0,0,0,0.0,A (Libre)
786,0,0,0,0,0,0,0.0,A (Libre)
787,0,0,0,0,0,0,0.0,A (Libre)
788,0,0,0,0,0,0,0.0,A (Libre)
789,0,0,0,0,0,0,0.0,A (Libre)
790,0,0,0,0,0,0,0.0,A (Libre)
791,0,0,0,0,0,0,0.0,A (Libre)
792,0,0,0,0,0,0,0.0,A (Libre)
793,0,0,0,0,0,0,0.0,A (Libre)
794,0,0,0,0,0,0,0.0,A (Libre)
795,0,0,0,0,0,0,0.0,A (Libre)
796,0,0,0,0,0,0,0.0,A (Libre)
797,0,0,0,0,0,0,0.0,A (Libre)
798,0,0,0,0,0,0,0.0,A (Libre)
799,0,0,0,0,0,0,0.0,A (Libre)
800,0,0,0,0,0,0,0.0,A (Libre)
801,0,0,0,0,0,0,0.0,A (Libre)
802,0,0,0,0,0,0,0.0,A (Libre)
803,0,0,0,0,0,0,0.0,A (Libre)
804,0,0,0,0,0,0,0.0,A (Libre)
805,0,0,0,0,0,0,0.0,A (Libre)
806,0,0,0,0,0,0,0.0,A (Libre)
807,0,0,0,0,0,0,0.0,A (Libre)
808,0,0,0,0,0,0,0.0,A (Libre)
809,0,0,0,0,0,0,0.0,A (Libre)
810,0,0,0,0,0,0,0.0,A (Libre)
811,0,0,0,0,0,0,0.0,A (Libre)
812,0,0,0,0,0,0,0.0,A (Libre)
813,0,0,0,0,0,0,0.0,A (Libre)
814,1,1,0,0,0,0,56.32238164818376,F (Congestion)
815,0,0,0,0,0,0,0.0,A (Libre)
816,0,0,0,0,0,0,0.0,A (Libre)
817,0,0,0,0,0,0,0.0,A (Libre)
818,0,0,0,0,0,0,0.0,A (Libre)
819,0,0,0,0,0,0,0.0,A (Libre)
820,0,0,0,0,0,0,0.0,A (Libre)
821,0,0,0,0,0,0,0.0,A (Libre)
822,0,0,0,0,0,0,0.0,A (Libre)
823,0,0,0,0,0,0,0.0,A (Libre)
824,0,0,0,0,0,0,0.0,A (Libre)
825,0,0,0,0,0,0,0.0,A (Libre)
826,0,0,0,0,0,0,0.0,A (Libre)
827,0,0,0,0,0,0,0.0,A (Libre)
828,0,0,0,0,0,0,0.0,A (Libre)
829,0,0,0,0,0,0,0.0,A (Libre)
830,0,0,0,0,0,0,0.0,A (Libre)
831,0,0,0,0,0,0,0.0,A (Libre)
832,0,0,0,0,0,0,0.0,A (Libre)
833,0,0,0,0,0,0,0.0,A (Libre)
834,0,0,0,0,0,0,0.0,A (Libre)
835,0,0,0,0,0,0,0.0,A (Libre)
836,0,0,0,0,0,0,0.0,A (Libre)
837,0,0,0,0,0,0,0.0,A (Libre)
838,0,0,0,0,0,0,0.0,A (Libre)
839,0,0,0,0,0,0,0.0,A (Libre)
840,0,0,0,0,0,0,0.0,A (Libre)
841,0,0,0,0,0,0,0.0,A (Libre)
842,0,0,0,0,0,0,0.0,A (Libre)
843,0,0,0,0,0,0,0.0,A (Libre)
844,0,0,0,0,0,0,0.0,A (Libre)
845,0,0,0,0,0,0,0.0,A (Libre)
846,0,0,0,0,0,0,0.0,A (Libre)
847,0,0,0,0,0,0,0.0,A (Libre)
848,0,0,0,0,0,0,0.0,A (Libre)
849,0,0,0,0,0,0,0.0,A (Libre)
850,0,0,0,0,0,0,0.0,A (Libre)
851,0,0,0,0,0,0,0.0,A (Libre)
852,0,0,0,0,0,0,0.0,A (Libre)
853,0,0,0,0,0,0,0.0,A (Libre)
854,0,0,0,0,0,0,0.0,A (Libre)
855,0,0,0,0,0,0,0.0,A (Libre)
856,0,0,0,0,0,0,0.0,A (Libre)
857,0,0,0,0,0,0,0.0,A (Libre)
858,0,0,0,0,0,0,0.0,A (Libre)
859,0,0,0,0,0,0,0.0,A (Libre)
860,0,0,0,0,0,0,0.0,A (Libre)
861,0,0,0,0,0,0,0.0,A (Libre)
862,0,0,0,0,0,0,0.0,A (Libre)
863,0,0,0,0,0,0,0.0,A (Libre)
864,0,0,0,0,0,0,0.0,A (Libre)
865,0,0,0,0,0,0,0.0,A (Libre)
866,0,0,0,0,0,0,0.0,A (Libre)
867,0,0,0,0,0,0,0.0,A (Libre)
868,0,0,0,0,0,0,0.0,A (Libre)
869,0,0,0,0,0,0,0.0,A (Libre)
870,0,0,0,0,0,0,0.0,A (Libre)
871,0,0,0,0,0,0,0.0,A (Libre)
872,0,0,0,0,0,0,0.0,A (Libre)
873,0,0,0,0,0,0,0.0,A (Libre)
874,0,0,0,0,0,0,0.0,A (Libre)
875,0,0,0,0,0,0,0.0,A (Libre)
876,0,0,0,0,0,0,0.0,A (Libre)
877,0,0,0,0,0,0,0.0,A (Libre)
878,0,0,0,0,0,0,0.0,A (Libre)
879,0,0,0,0,0,0,0.0,A (Libre)
880,0,0,0,0,0,0,0.0,A (Libre)
881,0,0,0,0,0,0,0.0,A (Libre)
882,0,0,0,0,0,0,0.0,A (Libre)
883,0,0,0,0,0,0,0.0,A (Libre)
884,0,0,0,0,0,0,0.0,A (Libre)
885,0,0,0,0,0,0,0.0,A (Libre)
886,0,0,0,0,0,0,0.0,A (Libre)
887,0,0,0,0,0,0,0.0,A (Libre)
888,0,0,0,0,0,0,0.0,A (Libre)
889,0,0,0,0,0,0,0.0,A (Libre)
890,0,0,0,0,0,0,0.0,A (Libre)
891,0,0,0,0,0,0,0.0,A (Libre)
892,0,0,0,0,0,0,0.0,A (Libre)
893,0,0,0,0,0,0,0.0,A (Libre)
894,0,0,0,0,0,0,0.0,A (Libre)
895,0,0,0,0,0,0,0.0,A (Libre)
896,0,0,0,0,0,0,0.0,A (Libre)
897,0,0,0,0,0,0,0.0,A (Libre)
898,0,0,0,0,0,0,0.0,A (Libre)
899,0,0,0,0,0,0,0.0,A (Libre)
900,0,0,0,0,0,0,0.0,A (Libre)
901,0,0,0,0,0,0,0.0,A (Libre)
902,0,0,0,0,0,0,0.0,A (Libre)
903,0,0,0,0,0,0,0.0,A (Libre)
904,0,0,0,0,0,0,0.0,A (Libre)
905,0,0,0,0,0,0,0.0,A (Libre)
906,0,0,0,0,0,0,0.0,A (Libre)
907,0,0,0,0,0,0,0.0,A (Libre)
908,0,0,0,0,0,0,0.0,A (Libre)
909,0,0,0,0,0,0,0.0,A (Libre)
910,0,0,0,0,0,0,0.0,A (Libre)
911,0,0,0,0,0,0,0.0,A (Libre)
912,0,0,0,0,0,0,0.0,A (Libre)
913,0,0,0,0,0,0,0.0,A (Libre)
914,0,0,0,0,0,0,0.0,A (Libre)
915,0,0,0,0,0,0,0.0,A (Libre)
916,0,0,0,0,0,0,0.0,A (Libre)
917,0,0,0,0,0,0,0.0,A (Libre)
918,0,0,0,0,0,0,0.0,A (Libre)
919,0,0,0,0,0,0,0.0,A (Libre)
920,0,0,0,0,0,0,0.0,A (Libre)
921,0,0,0,0,0,0,0.0,A (Libre)
922,0,0,0,0,0,0,0.0,A (Libre)
923,0,0,0,0,0,0,0.0,A (Libre)
924,0,0,0,0,0,0,0.0,A (Libre)
925,0,0,0,0,0,0,0.0,A (Libre)
926,0,0,0,0,0,0,0.0,A (Libre)
927,0,0,0,0,0,0,0.0,A (Libre)
928,0,0,0,0,0,0,0.0,A (Libre)
929,0,0,0,0,0,0,0.0,A (Libre)
930,0,0,0,0,0,0,0.0,A (Libre)
931,0,0,0,0,0,0,0.0,A (Libre)
932,0,0,0,0,0,0,0.0,A (Libre)
933,0,0,0,0,0,0,0.0,A (Libre)
934,0,0,0,0,0,0,0.0,A (Libre)
935,0,0,0,0,0,0,0.0,A (Libre)
936,0,0,0,0,0,0,0.0,A (Libre)
937,0,0,0,0,0,0,0.0,A (Libre)
938,0,0,0,0,0,0,0.0,A (Libre)
939,0,0,0,0,0,0,0.0,A (Libre)
940,0,0,0,0,0,0,0.0,A (Libre)
941,0,0,0,0,0,0,0.0,A (Libre)
942,0,0,0,0,0,0,0.0,A (Libre)
943,0,0,0,0,0,0,0.0,A (Libre)
944,0,0,0,0,0,0,0.0,A (Libre)
945,0,0,0,0,0,0,0.0,A (Libre)
946,0,0,0,0,0,0,0.0,A (Libre)
947,0,0,0,0,0,0,0.0,A (Libre)
948,0,0,0,0,0,0,0.0,A (Libre)
949,0,0,0,0,0,0,0.0,A (Libre)
950,0,0,0,0,0,0,0.0,A (Libre)
951,0,0,0,0,0,0,0.0,A (Libre)
952,0,0,0,0,0,0,0.0,A (Libre)
953,0,0,0,0,0,0,0.0,A (Libre)
954,0,0,0,0,0,0,0.0,A (Libre)
955,0,0,0,0,0,0,0.0,A (Libre)
956,0,0,0,0,0,0,0.0,A (Libre)
957,0,0,0,0,0,0,0.0,A (Libre)
958,0,0,0,0,0,0,0.0,A (Libre)
959,0,0,0,0,0,0,0.0,A (Libre)
960,0,0,0,0,0,0,0.0,A (Libre)
961,0,0,0,0,0,0,0.0,A (Libre)
962,0,0,0,0,0,0,0.0,A (Libre)
963,0,0,0,0,0,0,0.0,A (Libre)
964,0,0,0,0,0,0,0.0,A (Libre)
965,0,0,0,0,0,0,0.0,A (Libre)
966,0,0,0,0,0,0,0.0,A (Libre)
967,0,0,0,0,0,0,0.0,A (Libre)
968,0,0,0,0,0,0,0.0,A (Libre)
969,0,0,0,0,0,0,0.0,A (Libre)
970,0,0,0,0,0,0,0.0,A (Libre)
971,0,0,0,0,0,0,0.0,A (Libre)
972,0,0,0,0,0,0,0.0,A (Libre)
973,0,0,0,0,0,0,0.0,A (Libre)
974,0,0,0,0,0,0,0.0,A (Libre)
975,0,0,0,0,0,0,0.0,A (Libre)
976,0,0,0,0,0,0,0.0,A (Libre)
977,0,0,0,0,0,0,0.0,A (Libre)
978,0,0,0,0,0,0,0.0,A (Libre)
979,0,0,0,0,0,0,0.0,A (Libre)
980,0,0,0,0,0,0,0.0,A (Libre)
981,0,0,0,0,0,0,0.0,A (Libre)
982,1,1,0,0,0,0,56.32238164818376,F (Congestion)
983,0,0,0,0,0,0,0.0,A (Libre)
984,0,0,0,0,0,0,0.0,A (Libre)
985,0,0,0,0,0,0,0.0,A (Libre)
986,0,0,0,0,0,0,0.0,A (Libre)
987,0,0,0,0,0,0,0.0,A (Libre)
988,0,0,0,0,0,0,0.0,A (Libre)
989,0,0,0,0,0,0,0.0,A (Libre)
990,0,0,0,0,0,0,0.0,A (Libre)
991,0,0,0,0,0,0,0.0,A (Libre)
992,0,0,0,0,0,0,0.0,A (Libre)
993,0,0,0,0,0,0,0.0,A (Libre)
994,0,0,0,0,0,0,0.0,A (Libre)
995,0,0,0,0,0,0,0.0,A (Libre)
996,0,0,0,0,0,0,0.0,A (Libre)
997,0,0,0,0,0,0,0.0,A (Libre)
998,0,0,0,0,0,0,0.0,A (Libre)
999,0,0,0,0,0,0,0.0,A (Libre)
1000,0,0,0,0,0,0,0.0,A (Libre)
1001,0,0,0,0,0,0,0.0,A (Libre)
1002,0,0,0,0,0,0,0.0,A (Libre)
1003,0,0,0,0,0,0,0.0,A (Libre)
1004,0,0,0,0,0,0,0.0,A (Libre)
1005,0,0,0,0,0,0,0.0,A (Libre)
1006,0,0,0,0,0,0,0.0,A (Libre)
1007,0,0,0,0,0,0,0.0,A (Libre)
1008,0,0,0,0,0,0,0.0,A (Libre)
1009,0,0,0,0,0,0,0.0,A (Libre)
1010,0,0,0,0,0,0,0.0,A (Libre)
1011,0,0,0,0,0,0,0.0,A (Libre)
1012,0,0,0,0,0,0,0.0,A (Libre)
1013,0,0,0,0,0,0,0.0,A (Libre)
1014,0,0,0,0,0,0,0.0,A (Libre)
1015,0,0,0,0,0,0,0.0,A (Libre)
1016,0,0,0,0,0,0,0.0,A (Libre)
1017,0,0,0,0,0,0,0.0,A (Libre)
1018,0,0,0,0,0,0,0.0,A (Libre)
1019,0,0,0,0,0,0,0.0,A (Libre)
1020,0,0,0,0,0,0,0.0,A (Libre)
1021,0,0,0,0,0,0,0.0,A (Libre)
1022,0,0,0,0,0,0,0.0,A (Libre)
1023,0,0,0,0,0,0,0.0,A (Libre)
1024,0,0,0,0,0,0,0.0,A (Libre)
1025,0,0,0,0,0,0,0.0,A (Libre)
1026,0,0,0,0,0,0,0.0,A (Libre)
1027,0,0,0,0,0,0,0.0,A (Libre)
1028,0,0,0,0,0,0,0.0,A (Libre)
1029,0,0,0,0,0,0,0.0,A (Libre)
1030,0,0,0,0,0,0,0.0,A (Libre)
1031,0,0,0,0,0,0,0.0,A (Libre)
1032,0,0,0,0,0,0,0.0,A (Libre)
1033,0,0,0,0,0,0,0.0,A (Libre)
1034,0,0,0,0,0,0,0.0,A (Libre)
1035,0,0,0,0,0,0,0.0,A (Libre)
1036,0,0,0,0,0,0,0.0,A (Libre)
1037,0,0,0,0,0,0,0.0,A (Libre)
1038,0,0,0,0,0,0,0.0,A (Libre)
1039,0,0,0,0,0,0,0.0,A (Libre)
1040,0,0,0,0,0,0,0.0,A (Libre)
1041,0,0,0,0,0,0,0.0,A (Libre)
1042,0,0,0,0,0,0,0.0,A (Libre)
1043,0,0,0,0,0,0,0.0,A (Libre)
1044,0,0,0,0,0,0,0.0,A (Libre)
1045,0,0,0,0,0,0,0.0,A (Libre)
1046,0,0,0,0,0,0,0.0,A (Libre)
1047,0,0,0,0,0,0,0.0,A (Libre)
1048,0,0,0,0,0,0,0.0,A (Libre)
1049,0,0,0,0,0,0,0.0,A (Libre)
1050,0,0,0,0,0,0,0.0,A (Libre)
1051,0,0,0,0,0,0,0.0,A (Libre)
1052,0,0,0,0,0,0,0.0,A (Libre)
1053,0,0,0,0,0,0,0.0,A (Libre)
1054,0,0,0,0,0,0,0.0,A (Libre)
1055,0,0,0,0,0,0,0.0,A (Libre)
1056,0,0,0,0,0,0,0.0,A (Libre)
1057,0,0,0,0,0,0,0.0,A (Libre)
1058,0,0,0,0,0,0,0.0,A (Libre)
1059,0,0,0,0,0,0,0.0,A (Libre)
1060,0,0,0,0,0,0,0.0,A (Libre)
1061,0,0,0,0,0,0,0.0,A (Libre)
1062,0,0,0,0,0,0,0.0,A (Libre)
1063,0,0,0,0,0,0,0.0,A (Libre)
1064,0,0,0,0,0,0,0.0,A (Libre)
1065,0,0,0,0,0,0,0.0,A (Libre)
1066,0,0,0,0,0,0,0.0,A (Libre)
1067,0,0,0,0,0,0,0.0,A (Libre)
1068,0,0,0,0,0,0,0.0,A (Libre)
1069,0,0,0,0,0,0,0.0,A (Libre)
1070,0,0,0,0,0,0,0.0,A (Libre)
1071,0,0,0,0,0,0,0.0,A (Libre)
1072,0,0,0,0,0,0,0.0,A (Libre)
1073,0,0,0,0,0,0,0.0,A (Libre)
1074,0,0,0,0,0,0,0.0,A (Libre)
1075,0,0,0,0,0,0,0.0,A (Libre)
1076,0,0,0,0,0,0,0.0,A (Libre)
1077,0,0,0,0,0,0,0.0,A (Libre)
1078,0,0,0,0,0,0,0.0,A (Libre)
1079,0,0,0,0,0,0,0.0,A (Libre)
1080,0,0,0,0,0,0,0.0,A (Libre)
1081,0,0,0,0,0,0,0.0,A (Libre)
1082,0,0,0,0,0,0,0.0,A (Libre)
1083,0,0,0,0,0,0,0.0,A (Libre)
1084,0,0,0,0,0,0,0.0,A (Libre)
1085,0,0,0,0,0,0,0.0,A (Libre)
1086,0,0,0,0,0,0,0.0,A (Libre)
1087,0,0,0,0,0,0,0.0,A (Libre)
1088,0,0,0,0,0,0,0.0,A (Libre)
1089,0,0,0,0,0,0,0.0,A (Libre)
1090,0,0,0,0,0,0,0.0,A (Libre)
1091,0,0,0,0,0,0,0.0,A (Libre)
1092,0,0,0,0,0,0,0.0,A (Libre)
1093,0,0,0,0,0,0,0.0,A (Libre)
1094,0,0,0,0,0,0,0.0,A (Libre)
1095,0,0,0,0,0,0,0.0,A (Libre)
1096,0,0,0,0,0,0,0.0,A (Libre)
1097,0,0,0,0,0,0,0.0,A (Libre)
1098,0,0,0,0,0,0,0.0,A (Libre)
1099,0,0,0,0,0,0,0.0,A (Libre)
1100,0,0,0,0,0,0,0.0,A (Libre)
1101,0,0,0,0,0,0,0.0,A (Libre)
1102,0,0,0,0,0,0,0.0,A (Libre)
1103,0,0,0,0,0,0,0.0,A (Libre)
1104,0,0,0,0,0,0,0.0,A (Libre)
1105,0,0,0,0,0,0,0.0,A (Libre)
1106,0,0,0,0,0,0,0.0,A (Libre)
1107,0,0,0,0,0,0,0.0,A (Libre)
1108,0,0,0,0,0,0,0.0,A (Libre)
1109,0,0,0,0,0,0,0.0,A (Libre)
1110,0,0,0,0,0,0,0.0,A (Libre)
1111,0,0,0,0,0,0,0.0,A (Libre)
1112,0,0,0,0,0,0,0.0,A (Libre)
1113,0,0,0,0,0,0,0.0,A (Libre)
1114,0,0,0,0,0,0,0.0,A (Libre)
1115,0,0,0,0,0,0,0.0,A (Libre)
1116,0,0,0,0,0,0,0.0,A (Libre)
1117,0,0,0,0,0,0,0.0,A (Libre)
1118,0,0,0,0,0,0,0.0,A (Libre)
1119,0,0,0,0,0,0,0.0,A (Libre)
1120,0,0,0,0,0,0,0.0,A (Libre)
1121,0,0,0,0,0,0,0.0,A (Libre)
1122,0,0,0,0,0,0,0.0,A (Libre)
1123,0,0,0,0,0,0,0.0,A (Libre)
1124,0,0,0,0,0,0,0.0,A (Libre)
1125,0,0,0,0,0,0,0.0,A (Libre)
1126,0,0,0,0,0,0,0.0,A (Libre)
1127,0,0,0,0,0,0,0.0,A (Libre)
1128,0,0,0,0,0,0,0.0,A (Libre)
1129,0,0,0,0,0,0,0.0,A (Libre)
1130,0,0,0,0,0,0,0.0,A (Libre)
1131,0,0,0,0,0,0,0.0,A (Libre)
1132,0,0,0,0,0,0,0.0,A (Libre)
1133,0,0,0,0,0,0,0.0,A (Libre)
1134,0,0,0,0,0,0,0.0,A (Libre)
1135,0,0,0,0,0,0,0.0,A (Libre)
1136,0,0,0,0,0,0,0.0,A (Libre)
1137,0,0,0,0,0,0,0.0,A (Libre)
1138,0,0,0,0,0,0,0.0,A (Libre)
1139,0,0,0,0,0,0,0.0,A (Libre)
1140,0,0,0,0,0,0,0.0,A (Libre)
1141,0,0,0,0,0,0,0.0,A (Libre)
1142,0,0,0,0,0,0,0.0,A (Libre)
1143,0,0,0,0,0,0,0.0,A (Libre)
1144,0,0,0,0,0,0,0.0,A (Libre)
1145,0,0,0,0,0,0,0.0,A (Libre)
1146,0,0,0,0,0,0,0.0,A (Libre)
1147,0,0,0,0,0,0,0.0,A (Libre)
1148,0,0,0,0,0,0,0.0,A (Libre)
1149,0,0,0,0,0,0,0.0,A (Libre)
1150,1,1,0,0,0,0,56.32238164818376,F (Congestion)
1151,1,1,0,0,0,0,56.32238164818376,F (Congestion)
1152,1,1,0,0,0,0,56.32238164818376,F (Congestion)
1153,1,1,0,0,0,0,56.32238164818376,F (Congestion)
1154,1,1,0,0,0,0,56.32238164818376,F (Congestion)
1155,1,1,0,0,0,0,56.32238164818376,F (Congestion)
1156,1,1,0,0,0,0,56.32238164818376,F (Congestion)
1157,1,1,0,0,0,0,56.32238164818376,F (Congestion)
1158,1,1,0,0,0,0,56.32238164818376,F (Congestion)
1159,1,1,0,0,0,0,56.32238164818376,F (Congestion)
1160,1,1,0,0,0,0,56.32238164818376,F (Congestion)
1161,1,1,0,0,0,0,56.32238164818376,F (Congestion)
1162,1,1,0,0,0,0,56.32238164818376,F (Congestion)
1163,1,1,0,0,0,0,56.32238164818376,F (Congestion)
1164,1,1,0,0,0,0,56.32238164818376,F (Congestion)
1165,2,2,0,0,0,0,112.64476329636751,F (Congestion)
1166,1,1,0,0,0,0,56.32238164818376,F (Congestion)
1167,0,0,0,0,0,0,0.0,A (Libre)
1168,0,0,0,0,0,0,0.0,A (Libre)
1169,0,0,0,0,0,0,0.0,A (Libre)
1170,0,0,0,0,0,0,0.0,A (Libre)
1171,0,0,0,0,0,0,0.0,A (Libre)
1172,0,0,0,0,0,0,0.0,A (Libre)
1173,0,0,0,0,0,0,0.0,A (Libre)
1174,1,1,0,0,0,0,56.32238164818376,F (Congestion)
1175,1,1,0,0,0,0,56.32238164818376,F (Congestion)
1176,0,0,0,0,0,0,0.0,A (Libre)
1177,0,0,0,0,0,0,0.0,A (Libre)
1178,0,0,0,0,0,0,0.0,A (Libre)
1179,0,0,0,0,0,0,0.0,A (Libre)
1180,0,0,0,0,0,0,0.0,A (Libre)
1181,0,0,0,0,0,0,0.0,A (Libre)
1182,0,0,0,0,0,0,0.0,A (Libre)
1183,0,0,0,0,0,0,0.0,A (Libre)
1184,0,0,0,0,0,0,0.0,A (Libre)
1185,0,0,0,0,0,0,0.0,A (Libre)
1186,0,0,0,0,0,0,0.0,A (Libre)
1187,0,0,0,0,0,0,0.0,A (Libre)
1188,0,0,0,0,0,0,0.0,A (Libre)
1189,0,0,0,0,0,0,0.0,A (Libre)
1190,0,0,0,0,0,0,0.0,A (Libre)
1191,0,0,0,0,0,0,0.0,A (Libre)
1192,0,0,0,0,0,0,0.0,A (Libre)
1193,0,0,0,0,0,0,0.0,A (Libre)
1194,0,0,0,0,0,0,0.0,A (Libre)
1195,0,0,0,0,0,0,0.0,A (Libre)
1196,0,0,0,0,0,0,0.0,A (Libre)
1197,0,0,0,0,0,0,0.0,A (Libre)
1198,0,0,0,0,0,0,0.0,A (Libre)
1199,0,0,0,0,0,0,0.0,A (Libre)
1200,0,0,0,0,0,0,0.0,A (Libre)
1201,0,0,0,0,0,0,0.0,A (Libre)
1202,0,0,0,0,0,0,0.0,A (Libre)
1203,0,0,0,0,0,0,0.0,A (Libre)
1204,0,0,0,0,0,0,0.0,A (Libre)
1205,0,0,0,0,0,0,0.0,A (Libre)
1206,0,0,0,0,0,0,0.0,A (Libre)
1207,0,0,0,0,0,0,0.0,A (Libre)
1208,0,0,0,0,0,0,0.0,A (Libre)
1209,0,0,0,0,0,0,0.0,A (Libre)
1210,0,0,0,0,0,0,0.0,A (Libre)
1211,0,0,0,0,0,0,0.0,A (Libre)
1212,0,0,0,0,0,0,0.0,A (Libre)
1213,0,0,0,0,0,0,0.0,A (Libre)
1214,0,0,0,0,0,0,0.0,A (Libre)
1215,0,0,0,0,0,0,0.0,A (Libre)
1216,0,0,0,0,0,0,0.0,A (Libre)
1217,0,0,0,0,0,0,0.0,A (Libre)
1218,0,0,0,0,0,0,0.0,A (Libre)
1219,0,0,0,0,0,0,0.0,A (Libre)
1220,0,0,0,0,0,0,0.0,A (Libre)
1221,0,0,0,0,0,0,0.0,A (Libre)
1222,0,0,0,0,0,0,0.0,A (Libre)
1223,0,0,0,0,0,0,0.0,A (Libre)
1224,0,0,0,0,0,0,0.0,A (Libre)
1225,0,0,0,0,0,0,0.0,A (Libre)
1226,0,0,0,0,0,0,0.0,A (Libre)
1227,0,0,0,0,0,0,0.0,A (Libre)
1228,0,0,0,0,0,0,0.0,A (Libre)
1229,0,0,0,0,0,0,0.0,A (Libre)
1230,0,0,0,0,0,0,0.0,A (Libre)
1231,0,0,0,0,0,0,0.0,A (Libre)
1232,0,0,0,0,0,0,0.0,A (Libre)
1233,0,0,0,0,0,0,0.0,A (Libre)
1234,0,0,0,0,0,0,0.0,A (Libre)
1235,0,0,0,0,0,0,0.0,A (Libre)
1236,0,0,0,0,0,0,0.0,A (Libre)
1237,0,0,0,0,0,0,0.0,A (Libre)
1238,0,0,0,0,0,0,0.0,A (Libre)
1239,0,0,0,0,0,0,0.0,A (Libre)
1240,0,0,0,0,0,0,0.0,A (Libre)
1241,0,0,0,0,0,0,0.0,A (Libre)
1242,0,0,0,0,0,0,0.0,A (Libre)
1243,0,0,0,0,0,0,0.0,A (Libre)
1244,0,0,0,0,0,0,0.0,A (Libre)
1245,0,0,0,0,0,0,0.0,A (Libre)
1246,0,0,0,0,0,0,0.0,A (Libre)
1247,0,0,0,0,0,0,0.0,A (Libre)
1248,0,0,0,0,0,0,0.0,A (Libre)
1249,0,0,0,0,0,0,0.0,A (Libre)
1250,0,0,0,0,0,0,0.0,A (Libre)
1251,0,0,0,0,0,0,0.0,A (Libre)
1252,0,0,0,0,0,0,0.0,A (Libre)
1253,0,0,0,0,0,0,0.0,A (Libre)
1254,0,0,0,0,0,0,0.0,A (Libre)
1255,0,0,0,0,0,0,0.0,A (Libre)
1256,0,0,0,0,0,0,0.0,A (Libre)
1257,0,0,0,0,0,0,0.0,A (Libre)
1258,0,0,0,0,0,0,0.0,A (Libre)
1259,0,0,0,0,0,0,0.0,A (Libre)
1260,0,0,0,0,0,0,0.0,A (Libre)
1261,0,0,0,0,0,0,0.0,A (Libre)
1262,0,0,0,0,0,0,0.0,A (Libre)
1263,0,0,0,0,0,0,0.0,A (Libre)
1264,0,0,0,0,0,0,0.0,A (Libre)
1265,0,0,0,0,0,0,0.0,A (Libre)
1266,0,0,0,0,0,0,0.0,A (Libre)
1267,0,0,0,0,0,0,0.0,A (Libre)
1268,0,0,0,0,0,0,0.0,A (Libre)
1269,0,0,0,0,0,0,0.0,A (Libre)
1270,0,0,0,0,0,0,0.0,A (Libre)
1271,0,0,0,0,0,0,0.0,A (Libre)
1272,0,0,0,0,0,0,0.0,A (Libre)
1273,0,0,0,0,0,0,0.0,A (Libre)
1274,0,0,0,0,0,0,0.0,A (Libre)
1275,0,0,0,0,0,0,0.0,A (Libre)
1276,0,0,0,0,0,0,0.0,A (Libre)
1277,0,0,0,0,0,0,0.0,A (Libre)
1278,0,0,0,0,0,0,0.0,A (Libre)
1279,0,0,0,0,0,0,0.0,A (Libre)
1280,0,0,0,0,0,0,0.0,A (Libre)
1281,0,0,0,0,0,0,0.0,A (Libre)
1282,0,0,0,0,0,0,0.0,A (Libre)
1283,0,0,0,0,0,0,0.0,A (Libre)
1284,0,0,0,0,0,0,0.0,A (Libre)
1285,0,0,0,0,0,0,0.0,A (Libre)
1286,0,0,0,0,0,0,0.0,A (Libre)
1287,0,0,0,0,0,0,0.0,A (Libre)
1288,0,0,0,0,0,0,0.0,A (Libre)
1289,0,0,0,0,0,0,0.0,A (Libre)
1290,0,0,0,0,0,0,0.0,A (Libre)
1291,0,0,0,0,0,0,0.0,A (Libre)
1292,0,0,0,0,0,0,0.0,A (Libre)
1293,0,0,0,0,0,0,0.0,A (Libre)
1294,0,0,0,0,0,0,0.0,A (Libre)
1295,0,0,0,0,0,0,0.0,A (Libre)
1296,0,0,0,0,0,0,0.0,A (Libre)
1297,0,0,0,0,0,0,0.0,A (Libre)
1298,0,0,0,0,0,0,0.0,A (Libre)
1299,0,0,0,0,0,0,0.0,A (Libre)
1300,0,0,0,0,0,0,0.0,A (Libre)
1301,0,0,0,0,0,0,0.0,A (Libre)
1302,0,0,0,0,0,0,0.0,A (Libre)
1303,0,0,0,0,0,0,0.0,A (Libre)
1304,0,0,0,0,0,0,0.0,A (Libre)
1305,0,0,0,0,0,0,0.0,A (Libre)
1306,0,0,0,0,0,0,0.0,A (Libre)
1307,0,0,0,0,0,0,0.0,A (Libre)
1308,0,0,0,0,0,0,0.0,A (Libre)
1309,0,0,0,0,0,0,0.0,A (Libre)
1310,0,0,0,0,0,0,0.0,A (Libre)
1311,0,0,0,0,0,0,0.0,A (Libre)
1312,0,0,0,0,0,0,0.0,A (Libre)
1313,0,0,0,0,0,0,0.0,A (Libre)
1314,0,0,0,0,0,0,0.0,A (Libre)
1315,0,0,0,0,0,0,0.0,A (Libre)
1316,0,0,0,0,0,0,0.0,A (Libre)
1317,0,0,0,0,0,0,0.0,A (Libre)
1318,0,0,0,0,0,0,0.0,A (Libre)
1319,0,0,0,0,0,0,0.0,A (Libre)
1320,0,0,0,0,0,0,0.0,A (Libre)
1321,0,0,0,0,0,0,0.0,A (Libre)
1322,0,0,0,0,0,0,0.0,A (Libre)
1323,0,0,0,0,0,0,0.0,A (Libre)
1324,0,0,0,0,0,0,0.0,A (Libre)
1325,0,0,0,0,0,0,0.0,A (Libre)
1326,0,0,0,0,0,0,0.0,A (Libre)
1327,0,0,0,0,0,0,0.0,A (Libre)
1328,0,0,0,0,0,0,0.0,A (Libre)
1329,0,0,0,0,0,0,0.0,A (Libre)
1330,0,0,0,0,0,0,0.0,A (Libre)
1331,0,0,0,0,0,0,0.0,A (Libre)
1332,0,0,0,0,0,0,0.0,A (Libre)
1333,0,0,0,0,0,0,0.0,A (Libre)
1334,0,0,0,0,0,0,0.0,A (Libre)
1335,0,0,0,0,0,0,0.0,A (Libre)
1336,0,0,0,0,0,0,0.0,A (Libre)
1337,0,0,0,0,0,0,0.0,A (Libre)
1338,0,0,0,0,0,0,0.0,A (Libre)
1339,0,0,0,0,0,0,0.0,A (Libre)
1340,0,0,0,0,0,0,0.0,A (Libre)
1341,0,0,0,0,0,0,0.0,A (Libre)
1342,0,0,0,0,0,0,0.0,A (Libre)
1343,0,0,0,0,0,0,0.0,A (Libre)
1344,0,0,0,0,0,0,0.0,A (Libre)
1345,0,0,0,0,0,0,0.0,A (Libre)
1346,0,0,0,0,0,0,0.0,A (Libre)
1347,0,0,0,0,0,0,0.0,A (Libre)
1348,0,0,0,0,0,0,0.0,A (Libre)
1349,0,0,0,0,0,0,0.0,A (Libre)
1350,0,0,0,0,0,0,0.0,A (Libre)
1351,0,0,0,0,0,0,0.0,A (Libre)
1352,0,0,0,0,0,0,0.0,A (Libre)
1353,0,0,0,0,0,0,0.0,A (Libre)
1354,0,0,0,0,0,0,0.0,A (Libre)
1355,0,0,0,0,0,0,0.0,A (Libre)
1356,0,0,0,0,0,0,0.0,A (Libre)
1357,0,0,0,0,0,0,0.0,A (Libre)
1358,0,0,0,0,0,0,0.0,A (Libre)
1359,0,0,0,0,0,0,0.0,A (Libre)
1360,0,0,0,0,0,0,0.0,A (Libre)
1361,0,0,0,0,0,0,0.0,A (Libre)
1362,0,0,0,0,0,0,0.0,A (Libre)
1363,0,0,0,0,0,0,0.0,A (Libre)
1364,0,0,0,0,0,0,0.0,A (Libre)
1365,0,0,0,0,0,0,0.0,A (Libre)
1366,0,0,0,0,0,0,0.0,A (Libre)
1367,0,0,0,0,0,0,0.0,A (Libre)
1368,0,0,0,0,0,0,0.0,A (Libre)
1369,0,0,0,0,0,0,0.0,A (Libre)
1370,0,0,0,0,0,0,0.0,A (Libre)
1371,0,0,0,0,0,0,0.0,A (Libre)
1372,0,0,0,0,0,0,0.0,A (Libre)
1373,0,0,0,0,0,0,0.0,A (Libre)
1374,0,0,0,0,0,0,0.0,A (Libre)
1375,0,0,0,0,0,0,0.0,A (Libre)
1376,0,0,0,0,0,0,0.0,A (Libre)
1377,0,0,0,0,0,0,0.0,A (Libre)
1378,0,0,0,0,0,0,0.0,A (Libre)
1379,0,0,0,0,0,0,0.0,A (Libre)
1380,0,0,0,0,0,0,0.0,A (Libre)
1381,0,0,0,0,0,0,0.0,A (Libre)
1382,0,0,0,0,0,0,0.0,A (Libre)
1383,0,0,0,0,0,0,0.0,A (Libre)
1384,0,0,0,0,0,0,0.0,A (Libre)
1385,0,0,0,0,0,0,0.0,A (Libre)
1386,0,0,0,0,0,0,0.0,A (Libre)
1387,0,0,0,0,0,0,0.0,A (Libre)
1388,0,0,0,0,0,0,0.0,A (Libre)
1389,0,0,0,0,0,0,0.0,A (Libre)
1390,0,0,0,0,0,0,0.0,A (Libre)
1391,0,0,0,0,0,0,0.0,A (Libre)
1392,0,0,0,0,0,0,0.0,A (Libre)
1393,0,0,0,0,0,0,0.0,A (Libre)
1394,0,0,0,0,0,0,0.0,A (Libre)
1395,0,0,0,0,0,0,0.0,A (Libre)
1396,0,0,0,0,0,0,0.0,A (Libre)
1397,0,0,0,0,0,0,0.0,A (Libre)
1398,0,0,0,0,0,0,0.0,A (Libre)
1399,0,0,0,0,0,0,0.0,A (Libre)
1400,0,0,0,0,0,0,0.0,A (Libre)
1401,0,0,0,0,0,0,0.0,A (Libre)
1402,0,0,0,0,0,0,0.0,A (Libre)
1403,0,0,0,0,0,0,0.0,A (Libre)
1404,0,0,0,0,0,0,0.0,A (Libre)
1405,0,0,0,0,0,0,0.0,A (Libre)
1406,0,0,0,0,0,0,0.0,A (Libre)
1407,0,0,0,0,0,0,0.0,A (Libre)
1408,0,0,0,0,0,0,0.0,A (Libre)
1409,0,0,0,0,0,0,0.0,A (Libre)
1410,0,0,0,0,0,0,0.0,A (Libre)
1411,0,0,0,0,0,0,0.0,A (Libre)
1412,0,0,0,0,0,0,0.0,A (Libre)
1413,0,0,0,0,0,0,0.0,A (Libre)
1414,0,0,0,0,0,0,0.0,A (Libre)
1415,0,0,0,0,0,0,0.0,A (Libre)
1416,0,0,0,0,0,0,0.0,A (Libre)
1417,0,0,0,0,0,0,0.0,A (Libre)
1418,0,0,0,0,0,0,0.0,A (Libre)
1419,0,0,0,0,0,0,0.0,A (Libre)
1420,0,0,0,0,0,0,0.0,A (Libre)
1421,0,0,0,0,0,0,0.0,A (Libre)
1422,0,0,0,0,0,0,0.0,A (Libre)
1423,0,0,0,0,0,0,0.0,A (Libre)
1424,0,0,0,0,0,0,0.0,A (Libre)
1425,0,0,0,0,0,0,0.0,A (Libre)
1426,0,0,0,0,0,0,0.0,A (Libre)
1427,0,0,0,0,0,0,0.0,A (Libre)
1428,0,0,0,0,0,0,0.0,A (Libre)
1429,0,0,0,0,0,0,0.0,A (Libre)
1430,0,0,0,0,0,0,0.0,A (Libre)
1431,0,0,0,0,0,0,0.0,A (Libre)
1432,0,0,0,0,0,0,0.0,A (Libre)
1433,0,0,0,0,0,0,0.0,A (Libre)
1434,0,0,0,0,0,0,0.0,A (Libre)
1435,0,0,0,0,0,0,0.0,A (Libre)
1436,0,0,0,0,0,0,0.0,A (Libre)
1437,0,0,0,0,0,0,0.0,A (Libre)
1438,0,0,0,0,0,0,0.0,A (Libre)
1439,0,0,0,0,0,0,0.0,A (Libre)
1440,0,0,0,0,0,0,0.0,A (Libre)
1441,0,0,0,0,0,0,0.0,A (Libre)
1442,0,0,0,0,0,0,0.0,A (Libre)
1443,0,0,0,0,0,0,0.0,A (Libre)
1444,0,0,0,0,0,0,0.0,A (Libre)
1445,0,0,0,0,0,0,0.0,A (Libre)
1446,0,0,0,0,0,0,0.0,A (Libre)
1447,0,0,0,0,0,0,0.0,A (Libre)
1448,0,0,0,0,0,0,0.0,A (Libre)
1449,0,0,0,0,0,0,0.0,A (Libre)
1450,0,0,0,0,0,0,0.0,A (Libre)
1451,0,0,0,0,0,0,0.0,A (Libre)
1452,0,0,0,0,0,0,0.0,A (Libre)
1453,0,0,0,0,0,0,0.0,A (Libre)
1454,0,0,0,0,0,0,0.0,A (Libre)
1455,0,0,0,0,0,0,0.0,A (Libre)
1456,0,0,0,0,0,0,0.0,A (Libre)
1457,0,0,0,0,0,0,0.0,A (Libre)
1458,0,0,0,0,0,0,0.0,A (Libre)
1459,0,0,0,0,0,0,0.0,A (Libre)
1460,0,0,0,0,0,0,0.0,A (Libre)
1461,0,0,0,0,0,0,0.0,A (Libre)
1462,0,0,0,0,0,0,0.0,A (Libre)
1463,0,0,0,0,0,0,0.0,A (Libre)
1464,0,0,0,0,0,0,0.0,A (Libre)
1465,0,0,0,0,0,0,0.0,A (Libre)
1466,0,0,0,0,0,0,0.0,A (Libre)
1467,0,0,0,0,0,0,0.0,A (Libre)
1468,0,0,0,0,0,0,0.0,A (Libre)
1469,0,0,0,0,0,0,0.0,A (Libre)
1470,0,0,0,0,0,0,0.0,A (Libre)
1471,0,0,0,0,0,0,0.0,A (Libre)
1472,0,0,0,0,0,0,0.0,A (Libre)
1473,0,0,0,0,0,0,0.0,A (Libre)
1474,0,0,0,0,0,0,0.0,A (Libre)
1475,0,0,0,0,0,0,0.0,A (Libre)
1476,0,0,0,0,0,0,0.0,A (Libre)
1477,0,0,0,0,0,0,0.0,A (Libre)
1478,0,0,0,0,0,0,0.0,A (Libre)
1479,0,0,0,0,0,0,0.0,A (Libre)
1480,0,0,0,0,0,0,0.0,A (Libre)
1481,0,0,0,0,0,0,0.0,A (Libre)
1482,0,0,0,0,0,0,0.0,A (Libre)
1483,0,0,0,0,0,0,0.0,A (Libre)
1484,0,0,0,0,0,0,0.0,A (Libre)
1485,0,0,0,0,0,0,0.0,A (Libre)
1486,0,0,0,0,0,0,0.0,A (Libre)
1487,0,0,0,0,0,0,0.0,A (Libre)
1488,0,0,0,0,0,0,0.0,A (Libre)
1489,0,0,0,0,0,0,0.0,A (Libre)
1490,0,0,0,0,0,0,0.0,A (Libre)
1491,0,0,0,0,0,0,0.0,A (Libre)
1492,0,0,0,0,0,0,0.0,A (Libre)
1493,0,0,0,0,0,0,0.0,A (Libre)
1494,0,0,0,0,0,0,0.0,A (Libre)
1495,0,0,0,0,0,0,0.0,A (Libre)
1496,0,0,0,0,0,0,0.0,A (Libre)
1497,0,0,0,0,0,0,0.0,A (Libre)
1498,0,0,0,0,0,0,0.0,A (Libre)
1499,0,0,0,0,0,0,0.0,A (Libre)
